{"cameraMode":{"drawMode":0,"name":"Shaded","section":"Shading Mode"},"sceneLighting":true,"audioPlay":false,"sceneViewState":{"m_AlwaysRefresh":false,"showFog":true,"showSkybox":true,"showFlares":true,"showImageEffects":true,"showParticleSystems":true,"showVisualEffectGraphs":true,"m_FxEnabled":true},"in2DMode":false,"pivot":{"x":1.1762747764587403,"y":-0.7274589538574219,"z":3.975818634033203},"rotation":{"x":0.12140346318483353,"y":0.10550566017627716,"z":-0.012977104634046555,"w":0.9869127869606018},"size":3.00083327293396,"orthographic":false}