{"cameraMode":{"drawMode":0,"name":"Shaded","section":"Shading Mode"},"sceneLighting":true,"audioPlay":false,"sceneViewState":{"m_AlwaysRefresh":false,"showFog":true,"showSkybox":true,"showFlares":true,"showImageEffects":true,"showParticleSystems":true,"showVisualEffectGraphs":true,"m_FxEnabled":true},"in2DMode":false,"pivot":{"x":0.03238607943058014,"y":-2.219266414642334,"z":20.13393783569336},"rotation":{"x":-0.6851536631584168,"y":-0.0017483999254181982,"z":0.0016478118486702443,"w":-0.7284048199653626},"size":3.4795186519622804,"orthographic":false}